<?xml version="1.0" encoding="UTF-8"?>
<machine>
  <alu>
    <operation>A_ADD_B</operation>
    <operation>TRANS_A</operation>
    <operation>TRANS_B</operation>
    <operation>A_SUB_B</operation>
    <operation>B_SUB_A</operation>
    <operation>A_INC</operation>
    <operation>B_INC</operation>
    <operation>A_DEC</operation>
    <operation>B_DEC</operation>
    <operation>A_DIV_B</operation>
    <operation>B_DIV_A</operation>
    <operation>A_MOD_B</operation>
    <operation>B_MOD_A</operation>
    <operation>A_AND_B</operation>
    <operation>A_OR_B</operation>
    <operation>A_XOR_B</operation>
    <operation>A_INV</operation>
    <operation>B_INV</operation>
    <operation>A_SL</operation>
    <operation>A_SL_B</operation>
    <operation>B_SL</operation>
    <operation>B_SL_A</operation>
    <operation>A_SR</operation>
    <operation>A_SR_B</operation>
    <operation>B_SR</operation>
    <operation>B_SR_A</operation>
    <operation>A_SRU</operation>
    <operation>A_SRU_B</operation>
    <operation>B_SRU</operation>
    <operation>B_SRU_A</operation>
    <operation>A_ROTL</operation>
    <operation>A_ROTL_B</operation>
    <operation>B_ROTL</operation>
    <operation>B_ROTL_A</operation>
    <operation>A_ROTR</operation>
    <operation>A_ROTR_B</operation>
    <operation>B_ROTR</operation>
    <operation>B_ROTR_A</operation>
    <operation>A_MUL_B</operation>
  </alu>
  <registers>
    <register name="ACCU" size="BITS_32">== Akkumulator ==
Üblicherweise das benutzte Arbeitsregister für die meisten arithmetischen Operationen.</register>
    <register name="ACCU1233" size="BITS_32" />
    <register name="UUUUUUUUUUUUUUUUUUUUUUUUUUUUUUU" size="BITS_32" />
    <register name="Unbenannt (2)" size="BITS_32" />
    <register name="Unbenannt (3)" size="BITS_32" />
    <register name="Unbenannt (4)" size="BITS_32" />
    <register name="EEEEEEEEEEEEEEEEEEEEEEEEEEEEEEEEEEEEEEEEEE" size="BITS_32" />
    <register name="Unbenannt (6)" size="BITS_32" />
    <register name="Unbenannt (7)" size="BITS_32" />
    <register name="Unbenannt (8)" size="BITS_32" />
    <register name="Unbenannt (9)" size="BITS_32" />
    <register name="Unbenannt (10)" size="BITS_32" />
    <register name="RRRRRRRRRRR" size="BITS_32" />
    <register name="Unbenannt (12)" size="BITS_32" />
    <register name="BBBBBBBBBB (15)" size="BITS_32" />
    <register name="AAAAAAAAAAAAAAAAAAA" size="BITS_32" />
    <register name="MMMMMMMMMMMMMMMMMMMMMMMMMMMMMMMMMMMMMM" size="BITS_32" />
  </registers>
  <muxInputs muxType="A">
    <input type="register">Unbenannt (10)</input>
    <input type="constant">1</input>
    <input type="register">Unbenannt (3)</input>
    <input type="constant">0</input>
    <input type="constant">0</input>
    <input type="constant">1894482526</input>
    <input type="constant">0</input>
    <input type="register">AAAAAAAAAAAAAAAAAAA</input>
    <input type="constant">0</input>
    <input type="constant">0</input>
    <input type="constant">0</input>
    <input type="register">UUUUUUUUUUUUUUUUUUUUUUUUUUUUUUU</input>
    <input type="constant">0</input>
    <input type="register">Unbenannt (3)</input>
    <input type="constant">0</input>
    <input type="register">Unbenannt (4)</input>
    <input type="constant">0</input>
    <input type="register">MMMMMMMMMMMMMMMMMMMMMMMMMMMMMMMMMMMMMM</input>
    <input type="constant">583909974</input>
    <input type="constant">-1</input>
    <input type="constant">61446498</input>
  </muxInputs>
  <muxInputs muxType="B">
    <input type="register">IR</input>
    <input type="register">PC</input>
    <input type="constant">0</input>
    <input type="register">Unbenannt (10)</input>
    <input type="constant">134744192</input>
    <input type="constant">0</input>
    <input type="register">Unbenannt (10)</input>
    <input type="constant">-2</input>
    <input type="constant">0</input>
    <input type="register">MDR</input>
    <input type="constant">808080808</input>
    <input type="constant">0</input>
    <input type="register">UUUUUUUUUUUUUUUUUUUUUUUUUUUUUUU</input>
    <input type="constant">0</input>
    <input type="register">Unbenannt (10)</input>
    <input type="register">EEEEEEEEEEEEEEEEEEEEEEEEEEEEEEEEEEEEEEEEEE</input>
  </muxInputs>
</machine>
