<?xml version="1.0" encoding="UTF-8"?>
<signaltable>
  <row label="start" />
  <row />
  <row breakpoint="true" />
  <row label="" />
  <row />
  <row />
  <row />
  <row breakpoint="true" />
  <row />
  <row />
  <row />
  <row />
  <row />
  <row />
  <row breakpoint="true" />
  <row />
  <row />
  <row />
  <row breakpoint="true" />
  <row breakpoint="true" />
  <row />
  <row breakpoint="true" />
  <row />
  <row />
  <row />
  <row />
  <row breakpoint="true" />
  <row breakpoint="true" />
  <row />
  <row breakpoint="true" />
  <row />
  <row breakpoint="true" />
</signaltable>
