{"machine": {
  "muxInputs": [
    {
      "input": [
        {
          "type": "register",
          "value": "MDR"
        },
        {
          "type": "constant",
          "value": "0"
        },
        {
          "type": "register",
          "value": "ACCU"
        },
        {
          "type": "register",
          "value": "DATA"
        },
        {
          "type": "register",
          "value": "MASK"
        },
        {
          "type": "register",
          "value": "TEMP"
        }
      ],
      "muxType": "A"
    },
    {
      "input": [
        {
          "type": "constant",
          "value": "1"
        },
        {
          "type": "register",
          "value": "IR"
        },
        {
          "type": "constant",
          "value": "80"
        },
        {
          "type": "register",
          "value": "PC"
        },
        {
          "type": "constant",
          "value": "65535"
        },
        {
          "type": "register",
          "value": "DATA"
        },
        {
          "type": "register",
          "value": "COUNT"
        },
        {
          "type": "constant",
          "value": "0"
        }
      ],
      "muxType": "B"
    }
  ],
  "registers": {"register": [
    {
      "size": "BITS_32",
      "name": "ACCU",
      "description": "== Akkumulator ==\nÜblicherweise das benutzte Arbeitsregister für die meisten arithmetischen Operationen."
    },
    {
      "size": "BITS_32",
      "name": "TEMP",
      "description": ""
    },
    {
      "size": "BITS_32",
      "name": "COUNT",
      "description": ""
    },
    {
      "size": "BITS_32",
      "name": "DATA",
      "description": ""
    },
    {
      "size": "BITS_32",
      "name": "MASK",
      "description": ""
    }
  ]},
  "alu": {"operation": [
    "A_ADD_B",
    "A_SUB_B",
    "A_MUL_B",
    "A_DIV_B",
    "B_DIV_A",
    "A_AND_B",
    "A_OR_B",
    "A_INC"
  ]}
}}