<?xml version="1.0" encoding="UTF-8"?>
<!DOCTYPE machine SYSTEM "machine.dtd">
<machine>
  <alu>
    <operation>A_ADD_B</operation>
    <operation>A_SUB_B</operation>
    <operation>A_MUL_B</operation>
    <operation>A_DIV_B</operation>
    <operation>B_DIV_A</operation>
    <operation>A_AND_B</operation>
    <operation>A_OR_B</operation>
    <operation>A_INC</operation>
  </alu>
  <registers>
    <register name="ACCU" size="BITS_32">== Akkumulator ==
Üblicherweise das benutzte Arbeitsregister für die meisten arithmetischen Operationen.</register>
    <register name="TEMP" size="BITS_32" />
    <register name="COUNT" size="BITS_32" />
    <register name="DATA" size="BITS_32" />
    <register name="MASK" size="BITS_32" />
    <register name="Unbenannt (1)" size="BITS_32" />
  </registers>
  <muxInputs muxType="A">
    <input type="register">MDR</input>
    <input type="constant">0</input>
    <input type="register">ACCU</input>
    <input type="register">DATA</input>
    <input type="register">MASK</input>
    <input type="register">TEMP</input>
  </muxInputs>
  <muxInputs muxType="B">
    <input type="constant">1</input>
    <input type="register">IR</input>
    <input type="constant">80</input>
    <input type="register">PC</input>
    <input type="constant">65535</input>
    <input type="register">DATA</input>
    <input type="register">COUNT</input>
    <input type="constant">0</input>
  </muxInputs>
</machine>
