<?xml version="1.0" encoding="UTF-8"?>
<!DOCTYPE signaltable SYSTEM "signal.dtd">
<signaltable>
  <row label="start">
    <signal name="ACCU.W" value="1" />
    <signal name="ALU_CTRL" value="7" />
    <signal name="ALU_SELECT_A" value="2" />
  </row>
  <row>
    <signal name="ACCU.W" value="1" />
    <signal name="ALU_CTRL" value="7" />
    <signal name="ALU_SELECT_A" value="2" />
  </row>
  <row>
    <signal name="ACCU.W" value="1" />
    <signal name="ALU_CTRL" value="7" />
    <signal name="ALU_SELECT_A" value="2" />
  </row>
  <row>
    <signal name="ACCU.W" value="1" />
    <signal name="ALU_SELECT_B" value="0" />
    <signal name="ALU_CTRL" value="0" />
    <signal name="ALU_SELECT_A" value="2" />
  </row>
  <row label="loop" breakpoint="true">
    <signal name="ALU_SELECT_B" value="0" />
    <signal name="ALU_CTRL" value="0" />
    <signal name="ALU_SELECT_A" value="2" />
    <conditional-jump cond0-target="5" cond1-target="9" />
  </row>
  <row>
    <signal name="MDR.W" value="1" />
    <signal name="ACCU.W" value="1" />
    <signal name="ALU_SELECT_B" value="0" />
    <signal name="ALU_CTRL" value="1" />
    <signal name="ALU_SELECT_A" value="2" />
    <signal name="MAR.W" value="1" />
  </row>
  <row>
    <signal name="MEM_RW" value="0" />
    <signal name="MEM_CS" value="1" />
    <unconditional-jump target="4" />
  </row>
</signaltable>
