{"signaltable": {"row": [
  {
    "label": "start",
    "signal": [
      {
        "name": "ALU_SELECT_A",
        "value": "2"
      },
      {
        "name": "ACCU.W",
        "value": "1"
      },
      {
        "name": "ALU_CTRL",
        "value": "7"
      }
    ]
  },
  {"signal": [
    {
      "name": "ALU_SELECT_A",
      "value": "2"
    },
    {
      "name": "ACCU.W",
      "value": "1"
    },
    {
      "name": "PC.W",
      "value": "0"
    },
    {
      "name": "ALU_CTRL",
      "value": "7"
    }
  ]},
  {"signal": [
    {
      "name": "ALU_SELECT_A",
      "value": "2"
    },
    {
      "name": "ACCU.W",
      "value": "1"
    },
    {
      "name": "PC.W",
      "value": "0"
    },
    {
      "name": "ALU_CTRL",
      "value": "7"
    }
  ]},
  {"signal": [
    {
      "name": "ALU_SELECT_A",
      "value": "2"
    },
    {
      "name": "ACCU.W",
      "value": "1"
    },
    {
      "name": "ALU_SELECT_B",
      "value": "0"
    },
    {
      "name": "PC.W",
      "value": "0"
    },
    {
      "name": "ALU_CTRL",
      "value": "0"
    }
  ]},
  {
    "conditional-jump": {
      "cond0-target": "5",
      "cond1-target": "9"
    },
    "label": "loop",
    "signal": [
      {
        "name": "ALU_SELECT_A",
        "value": "2"
      },
      {
        "name": "ALU_SELECT_B",
        "value": "0"
      },
      {
        "name": "ALU_CTRL",
        "value": "0"
      }
    ],
    "breakpoint": true
  },
  {"signal": [
    {
      "name": "ALU_SELECT_A",
      "value": "2"
    },
    {
      "name": "ACCU.W",
      "value": "1"
    },
    {
      "name": "ALU_SELECT_B",
      "value": "0"
    },
    {
      "name": "MDR.W",
      "value": "1"
    },
    {
      "name": "ALU_CTRL",
      "value": "1"
    },
    {
      "name": "MAR.W",
      "value": "1"
    }
  ]},
  {
    "unconditional-jump": {"target": "4"},
    "signal": [
      {
        "name": "ALU Ctrl",
        "value": "0",
        "dontcare": true
      },
      {
        "name": "PC.W",
        "value": "0"
      },
      {
        "name": "MEM_RW",
        "value": "0"
      },
      {
        "name": "MEM_CS",
        "value": "1"
      }
    ]
  }
]}}